language,n,label,pos,model,acc,auc,rec_comp,rec_inc
Bengali,2116,gemini,43.147448015122876,Smart Turn v3.2 int8,64.69754253308129,0.7689980051696244,92.00438116100767,43.973399833748964
Bengali,2116,rule,18.052930056710775,Smart Turn v3.2 int8,41.493383742911156,0.6453543844393316,86.12565445026178,31.66089965397924
Bengali,2116,gemini,43.147448015122876,Indic base fp32,77.03213610586012,0.858632444081472,88.2803943044907,68.4954280964256
Bengali,2116,rule,18.052930056710775,Indic base fp32,53.82797731568998,0.667139954226224,77.22513089005236,48.673587081891576
Bengali,2116,gemini,43.147448015122876,Indic base int8,77.50472589792061,0.8587904098825591,88.60898138006573,69.07730673316709
Bengali,2116,rule,18.052930056710775,Indic base int8,53.922495274102076,0.6667549834840003,76.96335078534031,48.84659746251442
Bengali,2116,gemini,43.147448015122876,Indic tiny int8,70.32136105860114,0.8136035413474347,86.8565169769989,57.77223607647548
Bengali,2116,rule,18.052930056710775,Indic tiny int8,49.19659735349716,0.6569027518614468,79.58115183246073,42.502883506343714
English,2486,gemini,42.0353982300885,Smart Turn v3.2 int8,67.57843925985519,0.7523227822252622,71.67464114832536,64.60791117279668
English,2486,rule,22.043443282381336,Smart Turn v3.2 int8,57.32099758648431,0.636324132034681,68.06569343065694,54.282765737874094
English,2486,gemini,42.0353982300885,Indic base fp32,75.4223652453741,0.8296195823607343,76.07655502392345,74.94795281054823
English,2486,rule,22.043443282381336,Indic base fp32,63.87771520514883,0.7216291722220967,73.54014598540147,61.145510835913306
English,2486,gemini,42.0353982300885,Indic base int8,75.22123893805309,0.8290398414179415,75.78947368421053,74.80916030534351
English,2486,rule,22.043443282381336,Indic base int8,64.15929203539822,0.7202996354131357,74.08759124087592,61.35190918472653
English,2486,gemini,42.0353982300885,Indic tiny int8,71.19871279163314,0.7938174247681533,77.32057416267942,66.75919500346981
English,2486,rule,22.043443282381336,Indic tiny int8,59.09090909090909,0.6929791605462777,74.63503649635037,54.69556243550051
Gujarati,2006,gemini,44.96510468594217,Smart Turn v3.2 int8,68.64406779661016,0.7695891175808992,82.15077605321508,57.608695652173914
Gujarati,2006,rule,18.39481555333998,Smart Turn v3.2 int8,50.847457627118644,0.6801158176517623,80.21680216802169,44.22724496029322
Gujarati,2006,gemini,44.96510468594217,Indic base fp32,76.42073778664007,0.8580258443394709,81.1529933481153,72.55434782608695
Gujarati,2006,rule,18.39481555333998,Indic base fp32,58.923230309072785,0.7126005499517426,78.59078590785907,54.489920586438615
Gujarati,2006,gemini,44.96510468594217,Indic base int8,76.52043868394816,0.8567550170313957,81.59645232815964,72.37318840579711
Gujarati,2006,rule,18.39481555333998,Indic base int8,58.62412761714856,0.7134597460818836,78.59078590785907,54.12339645693341
Gujarati,2006,gemini,44.96510468594217,Indic tiny int8,76.22133599202392,0.8399621212121211,84.4789356984479,69.47463768115942
Gujarati,2006,rule,18.39481555333998,Indic tiny int8,55.732801595214355,0.6886067944369121,78.59078590785907,50.58032987171656
Hindi,2165,gemini,44.06466512702079,Smart Turn v3.2 int8,68.91454965357968,0.7973000811914543,87.0020964360587,54.665565648224614
Hindi,2165,rule,25.034642032332567,Smart Turn v3.2 int8,52.28637413394919,0.6527562734037692,81.91881918819189,42.39063462723352
Hindi,2165,gemini,44.06466512702079,Indic base fp32,78.9838337182448,0.8754823447538029,89.51781970649894,70.68538398018167
Hindi,2165,rule,25.034642032332567,Indic base fp32,56.72055427251732,0.6702606443809356,75.09225092250922,50.58533579790512
Hindi,2165,gemini,44.06466512702079,Indic base int8,78.75288683602771,0.8756026604483361,89.72746331236897,70.10734929810074
Hindi,2165,rule,25.034642032332567,Indic base int8,56.581986143187066,0.6682758001332325,75.64575645756457,50.21565003080715
Hindi,2165,gemini,44.06466512702079,Indic tiny int8,75.01154734411085,0.8374431097192576,87.52620545073376,65.15276630883568
Hindi,2165,rule,25.034642032332567,Indic tiny int8,54.41108545034642,0.6507725659511678,74.90774907749078,47.566235366605056
Kannada,367,gemini,40.59945504087194,Smart Turn v3.2 int8,64.30517711171662,0.7781078751308417,89.26174496644296,47.24770642201835
Kannada,367,rule,16.348773841961854,Smart Turn v3.2 int8,43.869209809264305,0.6822747014115091,85.0,35.83061889250814
Kannada,367,gemini,40.59945504087194,Indic base fp32,73.02452316076294,0.8654947355458408,89.26174496644296,61.92660550458715
Kannada,367,rule,16.348773841961854,Indic base fp32,53.13351498637602,0.7665038002171554,86.66666666666667,46.579804560260584
Kannada,367,gemini,40.59945504087194,Indic base int8,74.11444141689373,0.8635859860846007,90.60402684563759,62.84403669724771
Kannada,367,rule,16.348773841961854,Indic base int8,53.13351498637602,0.7618349619978284,86.66666666666667,46.579804560260584
Kannada,367,gemini,40.59945504087194,Indic tiny int8,67.8474114441417,0.81889969829444,88.59060402684564,53.669724770642205
Kannada,367,rule,16.348773841961854,Indic tiny int8,47.41144414168937,0.7535830618892508,83.33333333333334,40.390879478827365
Malayalam,462,gemini,52.16450216450217,Smart Turn v3.2 int8,64.06926406926407,0.732299431103434,83.40248962655602,42.98642533936652
Malayalam,462,rule,29.004329004329005,Smart Turn v3.2 int8,45.67099567099567,0.5974927193301784,78.35820895522389,32.31707317073171
Malayalam,462,gemini,52.16450216450217,Indic base fp32,77.92207792207793,0.8654362479112296,90.87136929460581,63.80090497737556
Malayalam,462,rule,29.004329004329005,Indic base fp32,56.493506493506494,0.6878299053512924,86.56716417910447,44.207317073170735
Malayalam,462,gemini,52.16450216450217,Indic base int8,78.35497835497836,0.8620003379583561,91.70124481327801,63.80090497737556
Malayalam,462,rule,29.004329004329005,Indic base int8,56.060606060606055,0.6877047688387331,86.56716417910447,43.59756097560975
Malayalam,462,gemini,52.16450216450217,Indic tiny int8,75.75757575757575,0.8189857494226546,89.21161825726142,61.085972850678736
Malayalam,462,rule,29.004329004329005,Indic tiny int8,53.896103896103895,0.6464324717874044,82.83582089552239,42.073170731707314
Marathi,925,gemini,46.5945945945946,Smart Turn v3.2 int8,66.37837837837837,0.7800896136468246,87.47099767981439,47.97570850202429
Marathi,925,rule,20.10810810810811,Smart Turn v3.2 int8,45.08108108108108,0.6520690558295866,83.87096774193549,35.317997293640055
Marathi,925,gemini,46.5945945945946,Indic base fp32,76.86486486486487,0.8562964389377871,82.830626450116,71.65991902834008
Marathi,925,rule,20.10810810810811,Indic base fp32,58.16216216216217,0.7085534069579641,79.56989247311827,52.77401894451962
Marathi,925,gemini,46.5945945945946,Indic base int8,76.97297297297297,0.8535465023436692,83.9907192575406,70.8502024291498
Marathi,925,rule,20.10810810810811,Indic base int8,57.62162162162162,0.7061671541024633,80.64516129032258,51.82679296346414
Marathi,925,gemini,46.5945945945946,Indic tiny int8,73.40540540540542,0.8202372789013405,81.67053364269141,66.19433198380567
Marathi,925,rule,20.10810810810811,Indic tiny int8,56.00000000000001,0.7081569106755714,80.10752688172043,49.93234100135318
Odia,95,gemini,32.631578947368425,Smart Turn v3.2 int8,70.52631578947368,0.810483870967742,87.09677419354838,62.5
Odia,95,rule,28.421052631578945,Smart Turn v3.2 int8,45.26315789473684,0.49564270152505446,48.148148148148145,44.11764705882353
Odia,95,gemini,32.631578947368425,Indic base fp32,81.05263157894737,0.9138104838709677,93.54838709677419,75.0
Odia,95,rule,28.421052631578945,Indic base fp32,53.68421052631579,0.5642701525054465,51.85185185185185,54.41176470588235
Odia,95,gemini,32.631578947368425,Indic base int8,78.94736842105263,0.9117943548387097,93.54838709677419,71.875
Odia,95,rule,28.421052631578945,Indic base int8,53.68421052631579,0.5544662309368191,55.55555555555556,52.94117647058824
Odia,95,gemini,32.631578947368425,Indic tiny int8,66.3157894736842,0.8598790322580645,90.32258064516128,54.6875
Odia,95,rule,28.421052631578945,Indic tiny int8,43.15789473684211,0.5168845315904139,55.55555555555556,38.23529411764706
Tamil,991,gemini,42.88597376387487,Smart Turn v3.2 int8,61.85671039354188,0.7550072749948036,90.3529411764706,40.45936395759717
Tamil,991,rule,23.107971745711403,Smart Turn v3.2 int8,43.69323915237134,0.6432280026132104,85.58951965065502,31.10236220472441
Tamil,991,gemini,42.88597376387487,Indic base fp32,79.51564076690212,0.8755892745790895,92.94117647058823,69.43462897526503
Tamil,991,rule,23.107971745711403,Indic base fp32,57.71947527749748,0.712248850989696,82.53275109170306,50.26246719160105
Tamil,991,gemini,42.88597376387487,Indic base int8,78.70837537840565,0.874984410725421,92.47058823529412,68.37455830388693
Tamil,991,rule,23.107971745711403,Indic base int8,56.912209889001005,0.7152918658093502,81.6593886462882,49.4750656167979
Tamil,991,gemini,42.88597376387487,Indic tiny int8,70.53481331987891,0.8193410933277905,86.58823529411764,58.48056537102474
Tamil,991,rule,23.107971745711403,Indic tiny int8,53.38042381432896,0.698667033433048,80.78602620087337,45.14435695538058
Telugu,1097,gemini,40.838650865998176,Smart Turn v3.2 int8,66.18049225159525,0.7877108325996038,88.83928571428571,50.53929121725732
Telugu,1097,rule,17.31996353691887,Smart Turn v3.2 int8,45.578851412944395,0.652483607033018,82.10526315789474,37.92723263506063
Telugu,1097,gemini,40.838650865998176,Indic base fp32,77.02825888787602,0.8877703334800792,91.74107142857143,66.87211093990754
Telugu,1097,rule,17.31996353691887,Indic base fp32,53.50957155879672,0.6728834213427726,80.52631578947368,47.85005512679162
Telugu,1097,gemini,40.838650865998176,Indic base int8,77.3017319963537,0.8856929616993175,93.08035714285714,66.40986132511556
Telugu,1097,rule,17.31996353691887,Indic base int8,52.68915223336372,0.6706522369871757,80.52631578947368,46.85777287761852
Telugu,1097,gemini,40.838650865998176,Indic tiny int8,71.83226982680037,0.8252789318732114,87.05357142857143,61.325115562403695
Telugu,1097,rule,17.31996353691887,Indic tiny int8,52.68915223336372,0.6887512330992862,82.10526315789474,46.52701212789416
